{"true_pos": [[37.0, 320.0, 1.0], [37.0, 320.0, 1.0], [37.0, 320.0, 1.0], [37.0, 320.0, 1.0], [37.0, 320.0, 1.0], [37.0, 320.0, 1.0], [37.0, 320.0, 1.0], [37.0, 320.0, 1.0], [37.0, 320.0, 1.0], [37.0, 320.0, 1.0], [37.0, 320.0, 1.0]], "gps_pos": [[26.83442030812148, 308.7530486532487, 0.0], [27.89557904569665, 310.2295162747614, 0.0], [27.284914139076136, 309.43180551193655, 0.0], [28.297876934229862, 310.71420424291864, 0.0], [26.901155388564803, 310.59175867261365, 0.0], [26.376876950613223, 310.82261151773855, 0.0], [26.651409357553348, 310.03113552043214, 0.0], [27.49115487013478, 310.3273612828925, 0.0], [26.651907342718914, 310.51991250459105, 0.0], [28.909257902472746, 310.0981315895915, 0.0], [27.19183711434016, 309.5912556266412, 0.0]]}