{"true_pos": [[37.03064560983948, 320.5101210597427, 1.0], [37.02572561575443, 320.51493420030334, 1.0], [37.01529857803499, 320.51879255913605, 1.0]], "gps_pos": [[37.36261288827518, 320.5613871808164, 0.0], [35.04764943057671, 320.2808141070418, 0.0], [37.23666461050743, 320.14185988903046, 0.0]]}